,title,views,posted
0,Always Check for the Hidden API when Web Scraping,154K views,11 months ago
1,Scrapy for Beginners - A Complete How To Example Web Scraping Project,125K views,1 year ago
2,How to SCRAPE DYNAMIC websites with Selenium,83K views,2 years ago
3,Web Scraping with Python: Ecommerce Product Pages. In Depth including troubleshooting,76K views,2 years ago
4,How to Rotate Proxies with Python,62K views,1 year ago
5,Web Scraping: HTML Tables with Python,50K views,2 years ago
6,How to Scrape and Download ALL images from a webpage with Python,49K views,1 year ago
7,How I use SELENIUM to AUTOMATE the Web with PYTHON. Pt1,41K views,2 years ago
8,How to Web Scrape Indeed with Python - Extract Job Information to CSV,41K views,1 year ago
9,How I WEBSCRAPE Websites with LOGINS - Python Tutorial,39K views,2 years ago
10,I Don't Waste Time Parsing HTML (So I do THIS),38K views,1 month ago
11,How I Scrape JAVASCRIPT websites with Python,37K views,2 years ago
12,"How I Scrape multiple pages on Amazon with Python, Requests & BeautifulSoup",37K views,1 year ago
13,Beautifulsoup vs Selenium vs Scrapy - Which Tool for Web Scraping?,33K views,1 year ago
14,How to scrape SPORTS STATS websites with Python,32K views,1 year ago
15,Automate Excel Work with Python and Pandas,31K views,1 year ago
16,Scrape Amazon NEW METHOD with Python 2020,31K views,1 year ago
17,How I save my Scraped Data to a Database with Python! Beginners sqlite3 tutorial,27K views,1 year ago
18,How Web Scrape Multiple Pages with ONE Function with Python,27K views,1 year ago
19,Render Dynamic Pages - Web Scraping Product Links with Python,25K views,1 year ago
20,Working With APIs in Python - Pagination and Data Extraction,25K views,1 year ago
21,Python CSV files - with PANDAS,24K views,2 years ago
22,User Agent Switching - Python Web Scraping,24K views,2 years ago
23,Web Scraping NEWS Articles with Python,24K views,1 year ago
24,How to Scrape Stock Prices from Yahoo Finance with Python,23K views,1 year ago
25,Python Web Scraping: JSON in SCRIPT tags,23K views,2 years ago
26,Scrape HTML tables easily with Pandas and Python,23K views,1 year ago
27,Crawl and Follow links with SCRAPY - Web Scraping with Python Project,22K views,1 year ago
28,Login and Scrape Data with Playwright and Python,22K views,7 months ago
29,"How I Scrape Amazon Reviews using Python, Requests & BeautifulSoup",20K views,1 year ago
