title,rating,price
Suntory Hibiki Harmony,4,76.95
Yamazaki Distiller's Reserve,4.5,72.95
Yamazaki 12 Year Old,4.5,150
The Chita Whisky,4.5,51.95
Nikka Coffey Grain Whisky,4.5,57.95
Hakushu Distiller's Reserve,4.5,70.95
Yoichi Single Malt,4.5,77.75
Suntory Toki,4,33.95
Hakushu 12 Year Old,4.5,185
Akashi Single Malt Whisky,5,66.75
Kaiyo Mizunara Oak,5,82.95
Miyagikyo Single Malt,4.5,78.45
Shizuoka Single Malt Prologue K and Prologue W,No Ratting,199
Hakushu 10 Year Old,5,375
Kaiyo Mizunara Oak Cask Strength,5,110
Karuizawa 36 Year Old,No Ratting,"32,500"
Suntory Torys Classic,3.5,30.45
Akashi 5 Year Old,5,150
Kaiyo Peated Mizunara Oak,No Ratting,99.95
Yamazaki Bourbon Barrel,No Ratting,"2,000"
Chichibu 2009,No Ratting,"1,500"
Nikka Coffey Grain Whisky Show Package,No Ratting,264
Nikka Coffey Grain Whisky Show Package,No Ratting,165
Karuizawa 38 Year Old,No Ratting,"37,500"
Suntory Hibiki Harmony,4,76.95
Yamazaki Distiller's Reserve,4.5,72.95
Yamazaki 12 Year Old,4.5,150
The Chita Whisky,4.5,51.95
Nikka Coffey Grain Whisky,4.5,57.95
Hakushu Distiller's Reserve,4.5,70.95
Yoichi Single Malt,4.5,77.75
Suntory Toki,4,33.95
Hakushu 12 Year Old,4.5,185
Akashi Single Malt Whisky,5,66.75
Kaiyo Mizunara Oak,5,82.95
Miyagikyo Single Malt,4.5,78.45
Shizuoka Single Malt Prologue K and Prologue W,No Ratting,199
Hakushu 10 Year Old,5,375
Kaiyo Mizunara Oak Cask Strength,5,110
Karuizawa 36 Year Old,No Ratting,"32,500"
Suntory Torys Classic,3.5,30.45
Akashi 5 Year Old,5,150
Kaiyo Peated Mizunara Oak,No Ratting,99.95
Yamazaki Bourbon Barrel,No Ratting,"2,000"
Chichibu 2009,No Ratting,"1,500"
Nikka Coffey Grain Whisky Show Package,No Ratting,264
Nikka Coffey Grain Whisky Show Package,No Ratting,165
Karuizawa 38 Year Old,No Ratting,"37,500"
Chichibu IPA Cask Finish,5,800
Yamazaki Mizunara 18 Year Old,No Ratting,"10,000"
Chichibu The Peated 2011,5,700
Karuizawa 1984,No Ratting,"15,000"
Karuizawa 1983,5,"15,000"
Hanyu 1985 The Joker,No Ratting,"60,000"
Karuizawa 1984,No Ratting,"15,000"
Karuizawa 30 Year Old,No Ratting,"15,000"
Karuizawa 1984,5,"15,000"
Karuizawa 1981,No Ratting,"15,000"
